Category,VAT %,CPU,ASIN,Date,Amazon Price,FBA Price,FBM Price,Chosen Price,ROI %,ROI Score,Source,BSR,Offer Count,Review Count,Simulated Sales,Daily Profit,Stock,Actual Sales Volume,Avg Real Price,Scraper2_Title,Scraper2_MonthlySold,Scraper2_Rating,Scraper2_VariantReviews,Scraper2_3MonthUKReviews,Scraper2_HistoricalUKReviews,Scraper2_ParentTotalReviews,Scraper2_LaunchDate,Review Share %
Computers & Accessories,20,19.36,B0D3JD4FFD,2024-10-26,49.99,35.83,51.19,35.83,12.07381920550516,2,fba,22739,4,71,0.2,0.7719999999999999,18,1,35.83,"OtterBox Symmetry Folio Case for iPad Air 11"" (2024) & iPad Air 10.9"" (2022/2020), Shockproof, Drop proof, Slim Protective Folio Case, Tested to Military Standard, Black",,4.3,99,1,10,108,N/A,91.66666666666666
Computers & Accessories,20,19.36,B0D3JD4FFD,2024-10-27,49.99,35.83,51.19,35.83,12.07381920550516,2,fba,22739,4,71,0.2,0.7719999999999999,17,0,0.0,"OtterBox Symmetry Folio Case for iPad Air 11"" (2024) & iPad Air 10.9"" (2022/2020), Shockproof, Drop proof, Slim Protective Folio Case, Tested to Military Standard, Black",,4.3,99,1,10,108,N/A,91.66666666666666
Computers & Accessories,20,19.36,B0D3JD4FFD,2024-10-28,49.99,35.83,51.19,35.83,12.07381920550516,2,fba,49506,3,71,0.2,0.7719999999999999,17,0,0.0,"OtterBox Symmetry Folio Case for iPad Air 11"" (2024) & iPad Air 10.9"" (2022/2020), Shockproof, Drop proof, Slim Protective Folio Case, Tested to Military Standard, Black",,4.3,99,1,10,108,N/A,91.66666666666666
Computers & Accessories,20,19.36,B0D3JD4FFD,2024-10-29,49.99,35.83,51.19,35.83,12.07381920550516,2,fba,44048,3,71,0.2,0.7719999999999999,17,0,0.0,"OtterBox Symmetry Folio Case for iPad Air 11"" (2024) & iPad Air 10.9"" (2022/2020), Shockproof, Drop proof, Slim Protective Folio Case, Tested to Military Standard, Black",,4.3,99,1,10,108,N/A,91.66666666666666
Computers & Accessories,20,19.36,B0D3JD4FFD,2024-10-30,49.99,35.83,51.19,35.83,12.07381920550516,2,fba,41634,3,71,0.2,0.7719999999999999,17,0,0.0,"OtterBox Symmetry Folio Case for iPad Air 11"" (2024) & iPad Air 10.9"" (2022/2020), Shockproof, Drop proof, Slim Protective Folio Case, Tested to Military Standard, Black",,4.3,99,1,10,108,N/A,91.66666666666666
Computers & Accessories,20,19.36,B0D3JD4FFD,2024-10-31,49.99,35.83,51.19,35.83,12.07381920550516,2,fba,58534,3,71,0.2,0.7719999999999999,17,0,0.0,"OtterBox Symmetry Folio Case for iPad Air 11"" (2024) & iPad Air 10.9"" (2022/2020), Shockproof, Drop proof, Slim Protective Folio Case, Tested to Military Standard, Black",,4.3,99,1,10,108,N/A,91.66666666666666
Computers & Accessories,20,19.36,B0D3JD4FFD,2024-11-01,49.99,35.83,51.19,35.83,12.07381920550516,2,fba,61614,3,71,0.2,0.7719999999999999,17,0,0.0,"OtterBox Symmetry Folio Case for iPad Air 11"" (2024) & iPad Air 10.9"" (2022/2020), Shockproof, Drop proof, Slim Protective Folio Case, Tested to Military Standard, Black",,4.3,99,1,10,108,N/A,91.66666666666666
Computers & Accessories,20,19.36,B0D3JD4FFD,2024-11-02,49.99,35.22,51.19,35.22,10.165780419142948,2,fba,75770,3,72,0.2,0.65,17,0,0.0,"OtterBox Symmetry Folio Case for iPad Air 11"" (2024) & iPad Air 10.9"" (2022/2020), Shockproof, Drop proof, Slim Protective Folio Case, Tested to Military Standard, Black",,4.3,99,1,10,108,N/A,91.66666666666666
Computers & Accessories,20,19.36,B0D3JD4FFD,2024-11-03,49.99,35.22,51.19,35.22,10.165780419142948,2,fba,76444,3,72,0.2,0.65,17,0,0.0,"OtterBox Symmetry Folio Case for iPad Air 11"" (2024) & iPad Air 10.9"" (2022/2020), Shockproof, Drop proof, Slim Protective Folio Case, Tested to Military Standard, Black",,4.3,99,1,10,108,N/A,91.66666666666666
Computers & Accessories,20,19.36,B0D3JD4FFD,2024-11-04,49.99,35.22,51.19,35.22,10.165780419142948,2,fba,86978,3,73,0.2,0.65,17,0,0.0,"OtterBox Symmetry Folio Case for iPad Air 11"" (2024) & iPad Air 10.9"" (2022/2020), Shockproof, Drop proof, Slim Protective Folio Case, Tested to Military Standard, Black",,4.3,99,1,10,108,N/A,91.66666666666666
Computers & Accessories,20,19.36,B0D3JD4FFD,2024-11-05,49.99,35.22,51.19,35.22,10.165780419142948,2,fba,92184,3,74,0.2,0.65,17,0,0.0,"OtterBox Symmetry Folio Case for iPad Air 11"" (2024) & iPad Air 10.9"" (2022/2020), Shockproof, Drop proof, Slim Protective Folio Case, Tested to Military Standard, Black",,4.3,99,1,10,108,N/A,91.66666666666666
Computers & Accessories,20,19.36,B0D3JD4FFD,2024-11-06,49.99,35.22,51.19,35.22,10.165780419142948,2,fba,94596,3,74,0.2,0.65,17,0,0.0,"OtterBox Symmetry Folio Case for iPad Air 11"" (2024) & iPad Air 10.9"" (2022/2020), Shockproof, Drop proof, Slim Protective Folio Case, Tested to Military Standard, Black",,4.3,99,1,10,108,N/A,91.66666666666666
Computers & Accessories,20,19.36,B0D3JD4FFD,2024-11-07,49.99,35.22,51.19,35.22,10.165780419142948,2,fba,94596,3,74,0.2,0.65,17,0,0.0,"OtterBox Symmetry Folio Case for iPad Air 11"" (2024) & iPad Air 10.9"" (2022/2020), Shockproof, Drop proof, Slim Protective Folio Case, Tested to Military Standard, Black",,4.3,99,1,10,108,N/A,91.66666666666666
Computers & Accessories,20,19.36,B0D3JD4FFD,2024-11-08,49.99,35.22,51.19,35.22,10.165780419142948,2,fba,61303,3,74,0.2,0.65,17,0,0.0,"OtterBox Symmetry Folio Case for iPad Air 11"" (2024) & iPad Air 10.9"" (2022/2020), Shockproof, Drop proof, Slim Protective Folio Case, Tested to Military Standard, Black",,4.3,99,1,10,108,N/A,91.66666666666666
Computers & Accessories,20,19.36,B0D3JD4FFD,2024-11-09,49.99,34.57,51.19,34.57,8.132624335314361,1,fba,40821,4,74,0.2,0.5200000000000004,17,0,0.0,"OtterBox Symmetry Folio Case for iPad Air 11"" (2024) & iPad Air 10.9"" (2022/2020), Shockproof, Drop proof, Slim Protective Folio Case, Tested to Military Standard, Black",,4.3,99,1,10,108,N/A,91.66666666666666
Computers & Accessories,20,19.36,B0D3JD4FFD,2024-11-10,49.99,34.57,43.19,34.57,8.132624335314361,1,fba,44873,4,74,0.2,0.5200000000000004,17,0,0.0,"OtterBox Symmetry Folio Case for iPad Air 11"" (2024) & iPad Air 10.9"" (2022/2020), Shockproof, Drop proof, Slim Protective Folio Case, Tested to Military Standard, Black",,4.3,99,1,10,108,N/A,91.66666666666666
Computers & Accessories,20,19.36,B0D3JD4FFD,2024-11-11,49.99,34.57,43.19,34.57,8.132624335314361,1,fba,44873,4,75,0.2,0.5200000000000004,17,0,0.0,"OtterBox Symmetry Folio Case for iPad Air 11"" (2024) & iPad Air 10.9"" (2022/2020), Shockproof, Drop proof, Slim Protective Folio Case, Tested to Military Standard, Black",,4.3,99,1,10,108,N/A,91.66666666666666
Computers & Accessories,20,19.36,B0D3JD4FFD,2024-11-12,49.99,34.57,43.19,34.57,8.132624335314361,1,fba,79268,3,75,0.2,0.5200000000000004,17,0,0.0,"OtterBox Symmetry Folio Case for iPad Air 11"" (2024) & iPad Air 10.9"" (2022/2020), Shockproof, Drop proof, Slim Protective Folio Case, Tested to Military Standard, Black",,4.3,99,1,10,108,N/A,91.66666666666666
Computers & Accessories,20,19.36,B0D3JD4FFD,2024-11-13,49.99,34.57,43.19,34.57,8.132624335314361,1,fba,79268,3,75,0.2,0.5200000000000004,17,0,0.0,"OtterBox Symmetry Folio Case for iPad Air 11"" (2024) & iPad Air 10.9"" (2022/2020), Shockproof, Drop proof, Slim Protective Folio Case, Tested to Military Standard, Black",,4.3,99,1,10,108,N/A,91.66666666666666
Computers & Accessories,20,19.36,B0D3JD4FFD,2024-11-14,49.99,34.57,43.19,34.57,8.132624335314361,1,fba,96273,3,75,0.2,0.5200000000000004,17,0,0.0,"OtterBox Symmetry Folio Case for iPad Air 11"" (2024) & iPad Air 10.9"" (2022/2020), Shockproof, Drop proof, Slim Protective Folio Case, Tested to Military Standard, Black",,4.3,99,1,10,108,N/A,91.66666666666666
Computers & Accessories,20,19.36,B0D3JD4FFD,2024-11-15,49.99,49.99,43.19,43.19,35.09540193931811,4,fbm,103347,4,75,0.2,2.2439999999999998,17,0,0.0,"OtterBox Symmetry Folio Case for iPad Air 11"" (2024) & iPad Air 10.9"" (2022/2020), Shockproof, Drop proof, Slim Protective Folio Case, Tested to Military Standard, Black",,4.3,99,1,10,108,N/A,91.66666666666666
Computers & Accessories,20,19.36,B0D3JD4FFD,2024-11-15,41.22,59.99,43.19,41.22,28.933375039099158,3,amazon,103347,4,75,0.2,1.85,17,0,0.0,"OtterBox Symmetry Folio Case for iPad Air 11"" (2024) & iPad Air 10.9"" (2022/2020), Shockproof, Drop proof, Slim Protective Folio Case, Tested to Military Standard, Black",,4.3,99,1,10,108,N/A,91.66666666666666
Computers & Accessories,20,19.36,B0D3JD4FFD,2024-11-16,41.22,59.99,43.19,41.22,28.933375039099158,3,amazon,106477,3,75,0.2,1.85,17,0,0.0,"OtterBox Symmetry Folio Case for iPad Air 11"" (2024) & iPad Air 10.9"" (2022/2020), Shockproof, Drop proof, Slim Protective Folio Case, Tested to Military Standard, Black",,4.3,99,1,10,108,N/A,91.66666666666666
Computers & Accessories,20,19.36,B0D3JD4FFD,2024-11-17,41.22,59.99,43.19,41.22,28.933375039099158,3,amazon,108083,3,75,0.2,1.85,17,0,0.0,"OtterBox Symmetry Folio Case for iPad Air 11"" (2024) & iPad Air 10.9"" (2022/2020), Shockproof, Drop proof, Slim Protective Folio Case, Tested to Military Standard, Black",,4.3,99,1,10,108,N/A,91.66666666666666
Computers & Accessories,20,19.36,B0D3JD4FFD,2024-11-18,37.49,59.99,43.19,37.49,17.266187050359722,2,amazon,108083,3,75,0.2,1.1040000000000008,17,0,0.0,"OtterBox Symmetry Folio Case for iPad Air 11"" (2024) & iPad Air 10.9"" (2022/2020), Shockproof, Drop proof, Slim Protective Folio Case, Tested to Military Standard, Black",,4.3,99,1,10,108,N/A,91.66666666666666
Computers & Accessories,20,19.36,B0D3JD4FFD,2024-11-19,37.49,59.99,51.24,37.49,17.266187050359722,2,amazon,108083,3,75,0.2,1.1040000000000008,17,0,0.0,"OtterBox Symmetry Folio Case for iPad Air 11"" (2024) & iPad Air 10.9"" (2022/2020), Shockproof, Drop proof, Slim Protective Folio Case, Tested to Military Standard, Black",,4.3,99,1,10,108,N/A,91.66666666666666
Computers & Accessories,20,19.36,B0D3JD4FFD,2024-11-20,37.49,59.99,51.24,37.49,17.266187050359722,2,amazon,115312,3,75,0.2,1.1040000000000008,17,0,0.0,"OtterBox Symmetry Folio Case for iPad Air 11"" (2024) & iPad Air 10.9"" (2022/2020), Shockproof, Drop proof, Slim Protective Folio Case, Tested to Military Standard, Black",,4.3,99,1,10,108,N/A,91.66666666666666
Computers & Accessories,20,19.36,B0D3JD4FFD,2024-11-21,37.49,59.99,51.24,37.49,17.266187050359722,2,amazon,69861,4,75,0.2,1.1040000000000008,17,0,0.0,"OtterBox Symmetry Folio Case for iPad Air 11"" (2024) & iPad Air 10.9"" (2022/2020), Shockproof, Drop proof, Slim Protective Folio Case, Tested to Military Standard, Black",,4.3,99,1,10,108,N/A,91.66666666666666
Computers & Accessories,20,19.36,B0D3JD4FFD,2024-11-22,37.49,59.99,51.24,37.49,17.266187050359722,2,amazon,22535,4,75,0.2,1.1040000000000008,17,0,0.0,"OtterBox Symmetry Folio Case for iPad Air 11"" (2024) & iPad Air 10.9"" (2022/2020), Shockproof, Drop proof, Slim Protective Folio Case, Tested to Military Standard, Black",,4.3,99,1,10,108,N/A,91.66666666666666
Computers & Accessories,20,19.36,B0D3JD4FFD,2024-11-23,37.49,37.52,51.24,37.49,17.266187050359722,2,amazon,46772,4,75,0.2,1.1040000000000008,17,0,0.0,"OtterBox Symmetry Folio Case for iPad Air 11"" (2024) & iPad Air 10.9"" (2022/2020), Shockproof, Drop proof, Slim Protective Folio Case, Tested to Military Standard, Black",,4.3,99,1,10,108,N/A,91.66666666666666
Computers & Accessories,20,19.36,B0D3JD4FFD,2024-11-24,37.49,37.52,51.19,37.49,17.266187050359722,2,amazon,56808,4,75,0.2,1.1040000000000008,17,0,0.0,"OtterBox Symmetry Folio Case for iPad Air 11"" (2024) & iPad Air 10.9"" (2022/2020), Shockproof, Drop proof, Slim Protective Folio Case, Tested to Military Standard, Black",,4.3,99,1,10,108,N/A,91.66666666666666
Computers & Accessories,20,19.36,B0D3JD4FFD,2024-11-25,37.49,37.52,51.19,37.49,17.266187050359722,2,amazon,29523,4,75,0.2,1.1040000000000008,17,0,0.0,"OtterBox Symmetry Folio Case for iPad Air 11"" (2024) & iPad Air 10.9"" (2022/2020), Shockproof, Drop proof, Slim Protective Folio Case, Tested to Military Standard, Black",,4.3,99,1,10,108,N/A,91.66666666666666
Computers & Accessories,20,19.36,B0D3JD4FFD,2024-11-26,37.49,37.52,51.19,37.49,17.266187050359722,2,amazon,25631,4,75,0.2,1.1040000000000008,17,0,0.0,"OtterBox Symmetry Folio Case for iPad Air 11"" (2024) & iPad Air 10.9"" (2022/2020), Shockproof, Drop proof, Slim Protective Folio Case, Tested to Military Standard, Black",,4.3,99,1,10,108,N/A,91.66666666666666
Computers & Accessories,20,19.36,B0D3JD4FFD,2024-11-27,37.49,37.52,51.19,37.49,17.266187050359722,2,amazon,18412,4,75,0.2,1.1040000000000008,17,0,0.0,"OtterBox Symmetry Folio Case for iPad Air 11"" (2024) & iPad Air 10.9"" (2022/2020), Shockproof, Drop proof, Slim Protective Folio Case, Tested to Military Standard, Black",,4.3,99,1,10,108,N/A,91.66666666666666
Computers & Accessories,20,19.36,B0D3JD4FFD,2024-11-28,46.73,37.52,51.19,37.52,17.360025023459507,2,fba,46993,4,75,0.2,1.110000000000001,17,0,0.0,"OtterBox Symmetry Folio Case for iPad Air 11"" (2024) & iPad Air 10.9"" (2022/2020), Shockproof, Drop proof, Slim Protective Folio Case, Tested to Military Standard, Black",,4.3,99,1,10,108,N/A,91.66666666666666
Computers & Accessories,20,19.36,B0D3JD4FFD,2024-11-29,41.99,37.25,51.19,37.25,16.515483265561468,2,fba,41437,5,75,0.2,1.0560000000000003,17,0,0.0,"OtterBox Symmetry Folio Case for iPad Air 11"" (2024) & iPad Air 10.9"" (2022/2020), Shockproof, Drop proof, Slim Protective Folio Case, Tested to Military Standard, Black",,4.3,99,1,10,108,N/A,91.66666666666666
Computers & Accessories,20,19.36,B0D3JD4FFD,2024-11-30,41.99,37.25,51.19,37.25,16.515483265561468,2,fba,29560,4,75,0.2,1.0560000000000003,17,0,0.0,"OtterBox Symmetry Folio Case for iPad Air 11"" (2024) & iPad Air 10.9"" (2022/2020), Shockproof, Drop proof, Slim Protective Folio Case, Tested to Military Standard, Black",,4.3,99,1,10,108,N/A,91.66666666666666
Computers & Accessories,20,19.36,B0D3JD4FFD,2024-12-01,41.99,37.25,51.19,37.25,16.515483265561468,2,fba,45124,4,75,0.2,1.0560000000000003,17,0,0.0,"OtterBox Symmetry Folio Case for iPad Air 11"" (2024) & iPad Air 10.9"" (2022/2020), Shockproof, Drop proof, Slim Protective Folio Case, Tested to Military Standard, Black",,4.3,99,1,10,108,N/A,91.66666666666666
Computers & Accessories,20,19.36,B0D3JD4FFD,2024-12-02,41.99,37.25,51.19,37.25,16.515483265561468,2,fba,20049,4,75,0.2,1.0560000000000003,17,1,39.16,"OtterBox Symmetry Folio Case for iPad Air 11"" (2024) & iPad Air 10.9"" (2022/2020), Shockproof, Drop proof, Slim Protective Folio Case, Tested to Military Standard, Black",,4.3,99,1,10,108,N/A,91.66666666666666
Computers & Accessories,20,19.36,B0D3JD4FFD,2024-12-03,41.99,37.25,51.19,37.25,16.515483265561468,2,fba,29265,4,75,0.2,1.0560000000000003,16,0,0.0,"OtterBox Symmetry Folio Case for iPad Air 11"" (2024) & iPad Air 10.9"" (2022/2020), Shockproof, Drop proof, Slim Protective Folio Case, Tested to Military Standard, Black",,4.3,99,1,10,108,N/A,91.66666666666666
Computers & Accessories,20,19.36,B0D3JD4FFD,2024-12-04,41.99,37.25,51.19,37.25,16.515483265561468,2,fba,21312,4,75,0.2,1.0560000000000003,16,0,0.0,"OtterBox Symmetry Folio Case for iPad Air 11"" (2024) & iPad Air 10.9"" (2022/2020), Shockproof, Drop proof, Slim Protective Folio Case, Tested to Military Standard, Black",,4.3,99,1,10,108,N/A,91.66666666666666
Computers & Accessories,20,19.36,B0D3JD4FFD,2024-12-05,37.99,37.25,51.19,37.25,16.515483265561468,2,fba,20752,4,75,0.2,1.0560000000000003,16,0,0.0,"OtterBox Symmetry Folio Case for iPad Air 11"" (2024) & iPad Air 10.9"" (2022/2020), Shockproof, Drop proof, Slim Protective Folio Case, Tested to Military Standard, Black",,4.3,99,1,10,108,N/A,91.66666666666666
Computers & Accessories,20,19.36,B0D3JD4FFD,2024-12-06,37.99,37.25,51.19,37.25,16.515483265561468,2,fba,28513,4,75,0.2,1.0560000000000003,17,0,0.0,"OtterBox Symmetry Folio Case for iPad Air 11"" (2024) & iPad Air 10.9"" (2022/2020), Shockproof, Drop proof, Slim Protective Folio Case, Tested to Military Standard, Black",,4.3,99,1,10,108,N/A,91.66666666666666
Computers & Accessories,20,19.36,B0D3JD4FFD,2024-12-07,37.99,37.25,51.19,37.25,16.515483265561468,2,fba,43678,4,75,0.2,1.0560000000000003,17,0,0.0,"OtterBox Symmetry Folio Case for iPad Air 11"" (2024) & iPad Air 10.9"" (2022/2020), Shockproof, Drop proof, Slim Protective Folio Case, Tested to Military Standard, Black",,4.3,99,1,10,108,N/A,91.66666666666666
Computers & Accessories,20,19.36,B0D3JD4FFD,2024-12-08,37.99,37.25,51.19,37.25,16.515483265561468,2,fba,43678,4,75,0.2,1.0560000000000003,17,0,0.0,"OtterBox Symmetry Folio Case for iPad Air 11"" (2024) & iPad Air 10.9"" (2022/2020), Shockproof, Drop proof, Slim Protective Folio Case, Tested to Military Standard, Black",,4.3,99,1,10,108,N/A,91.66666666666666
Computers & Accessories,20,19.36,B0D3JD4FFD,2024-12-09,37.99,37.25,51.19,37.25,16.515483265561468,2,fba,43678,4,75,0.2,1.0560000000000003,17,1,39.94,"OtterBox Symmetry Folio Case for iPad Air 11"" (2024) & iPad Air 10.9"" (2022/2020), Shockproof, Drop proof, Slim Protective Folio Case, Tested to Military Standard, Black",,4.3,99,1,10,108,N/A,91.66666666666666
Computers & Accessories,20,19.36,B0D3JD4FFD,2024-12-10,37.99,45.04,47.7,37.99,18.830153268689408,2,amazon,18700,4,75,0.2,1.2040000000000006,16,0,0.0,"OtterBox Symmetry Folio Case for iPad Air 11"" (2024) & iPad Air 10.9"" (2022/2020), Shockproof, Drop proof, Slim Protective Folio Case, Tested to Military Standard, Black",,4.3,99,1,10,108,N/A,91.66666666666666
Computers & Accessories,20,19.36,B0D3JD4FFD,2024-12-11,35.49,59.99,47.7,35.49,11.010322177040987,2,amazon,48923,3,76,0.2,0.7040000000000006,16,1,38.48,"OtterBox Symmetry Folio Case for iPad Air 11"" (2024) & iPad Air 10.9"" (2022/2020), Shockproof, Drop proof, Slim Protective Folio Case, Tested to Military Standard, Black",,4.3,99,1,10,108,N/A,91.66666666666666
Computers & Accessories,20,19.36,B0D3JD4FFD,2024-12-12,35.49,59.99,47.7,35.49,11.010322177040987,2,amazon,30119,2,76,0.2,0.7040000000000006,15,1,46.49,"OtterBox Symmetry Folio Case for iPad Air 11"" (2024) & iPad Air 10.9"" (2022/2020), Shockproof, Drop proof, Slim Protective Folio Case, Tested to Military Standard, Black",,4.3,99,1,10,108,N/A,91.66666666666666
Computers & Accessories,20,19.36,B0D3JD4FFD,2024-12-13,35.49,59.99,44.7,35.49,11.010322177040987,2,amazon,18397,3,76,0.2,0.7040000000000006,14,0,0.0,"OtterBox Symmetry Folio Case for iPad Air 11"" (2024) & iPad Air 10.9"" (2022/2020), Shockproof, Drop proof, Slim Protective Folio Case, Tested to Military Standard, Black",,4.3,99,1,10,108,N/A,91.66666666666666
Computers & Accessories,20,19.36,B0D3JD4FFD,2024-12-14,35.49,59.99,44.7,35.49,11.010322177040987,2,amazon,27747,3,76,0.2,0.7040000000000006,14,0,0.0,"OtterBox Symmetry Folio Case for iPad Air 11"" (2024) & iPad Air 10.9"" (2022/2020), Shockproof, Drop proof, Slim Protective Folio Case, Tested to Military Standard, Black",,4.3,99,1,10,108,N/A,91.66666666666666
Computers & Accessories,20,19.36,B0D3JD4FFD,2024-12-15,35.49,59.99,44.7,35.49,11.010322177040987,2,amazon,46531,3,76,0.2,0.7040000000000006,14,1,39.94,"OtterBox Symmetry Folio Case for iPad Air 11"" (2024) & iPad Air 10.9"" (2022/2020), Shockproof, Drop proof, Slim Protective Folio Case, Tested to Military Standard, Black",,4.3,99,1,10,108,N/A,91.66666666666666
Computers & Accessories,20,19.36,B0D3JD4FFD,2024-12-16,49.99,59.99,44.7,44.7,39.81857991867377,4,fbm,23056,3,76,0.2,2.546000000000001,13,4,27.018333333333334,"OtterBox Symmetry Folio Case for iPad Air 11"" (2024) & iPad Air 10.9"" (2022/2020), Shockproof, Drop proof, Slim Protective Folio Case, Tested to Military Standard, Black",,4.3,99,1,10,108,N/A,91.66666666666666
Computers & Accessories,20,19.36,B0D3JD4FFD,2024-12-17,49.99,59.99,44.7,44.7,39.81857991867377,4,fbm,17770,3,76,0.2,2.546000000000001,9,0,0.0,"OtterBox Symmetry Folio Case for iPad Air 11"" (2024) & iPad Air 10.9"" (2022/2020), Shockproof, Drop proof, Slim Protective Folio Case, Tested to Military Standard, Black",,4.3,99,1,10,108,N/A,91.66666666666666
Computers & Accessories,20,19.36,B0D3JD4FFD,2024-12-18,49.99,59.99,40.19,40.19,25.711604629340002,3,fbm,33094,3,76,0.2,1.644,9,2,43.25,"OtterBox Symmetry Folio Case for iPad Air 11"" (2024) & iPad Air 10.9"" (2022/2020), Shockproof, Drop proof, Slim Protective Folio Case, Tested to Military Standard, Black",,4.3,99,1,10,108,N/A,91.66666666666666
Computers & Accessories,20,19.36,B0D3JD4FFD,2024-12-19,49.99,42.88,40.19,40.19,25.711604629340002,3,fbm,22796,4,76,0.2,1.644,8,0,0.0,"OtterBox Symmetry Folio Case for iPad Air 11"" (2024) & iPad Air 10.9"" (2022/2020), Shockproof, Drop proof, Slim Protective Folio Case, Tested to Military Standard, Black",,4.3,99,1,10,108,N/A,91.66666666666666
Computers & Accessories,20,19.36,B0D3JD4FFD,2024-12-20,49.99,42.88,40.19,40.19,25.711604629340002,3,fbm,12682,3,76,0.2,1.644,7,0,0.0,"OtterBox Symmetry Folio Case for iPad Air 11"" (2024) & iPad Air 10.9"" (2022/2020), Shockproof, Drop proof, Slim Protective Folio Case, Tested to Military Standard, Black",,4.3,99,1,10,108,N/A,91.66666666666666
Computers & Accessories,20,19.36,B0D3JD4FFD,2024-12-21,49.99,42.88,40.19,40.19,25.711604629340002,3,fbm,20790,3,76,0.2,1.644,7,0,0.0,"OtterBox Symmetry Folio Case for iPad Air 11"" (2024) & iPad Air 10.9"" (2022/2020), Shockproof, Drop proof, Slim Protective Folio Case, Tested to Military Standard, Black",,4.3,99,1,10,108,N/A,91.66666666666666
Computers & Accessories,20,19.36,B0D3JD4FFD,2024-12-22,49.99,42.88,40.19,40.19,25.711604629340002,3,fbm,33428,3,76,0.2,1.644,7,3,42.97,"OtterBox Symmetry Folio Case for iPad Air 11"" (2024) & iPad Air 10.9"" (2022/2020), Shockproof, Drop proof, Slim Protective Folio Case, Tested to Military Standard, Black",,4.3,99,1,10,108,N/A,91.66666666666666
Computers & Accessories,20,19.36,B0D3JD4FFD,2024-12-23,49.99,42.88,40.19,40.19,25.711604629340002,3,fbm,33428,3,76,0.2,1.644,4,0,0.0,"OtterBox Symmetry Folio Case for iPad Air 11"" (2024) & iPad Air 10.9"" (2022/2020), Shockproof, Drop proof, Slim Protective Folio Case, Tested to Military Standard, Black",,4.3,99,1,10,108,N/A,91.66666666666666
Computers & Accessories,20,19.36,B0D3JD4FFD,2024-12-24,49.99,42.88,40.19,40.19,25.711604629340002,3,fbm,35216,3,76,0.2,1.644,4,0,0.0,"OtterBox Symmetry Folio Case for iPad Air 11"" (2024) & iPad Air 10.9"" (2022/2020), Shockproof, Drop proof, Slim Protective Folio Case, Tested to Military Standard, Black",,4.3,99,1,10,108,N/A,91.66666666666666
Computers & Accessories,20,19.36,B0D3JD4FFD,2024-12-25,49.99,47.13,40.19,40.19,25.711604629340002,3,fbm,5811,2,78,0.2,1.644,4,1,43.57,"OtterBox Symmetry Folio Case for iPad Air 11"" (2024) & iPad Air 10.9"" (2022/2020), Shockproof, Drop proof, Slim Protective Folio Case, Tested to Military Standard, Black",,4.3,99,1,10,108,N/A,91.66666666666666
Computers & Accessories,20,19.36,B0D3JD4FFD,2024-12-26,49.99,47.13,40.19,40.19,25.711604629340002,3,fbm,5811,2,78,0.2,1.644,3,0,0.0,"OtterBox Symmetry Folio Case for iPad Air 11"" (2024) & iPad Air 10.9"" (2022/2020), Shockproof, Drop proof, Slim Protective Folio Case, Tested to Military Standard, Black",,4.3,99,1,10,108,N/A,91.66666666666666
Computers & Accessories,20,19.36,B0D3JD4FFD,2024-12-27,49.99,47.13,42.68,42.68,33.50015639662184,3,fbm,18342,3,78,0.2,2.1420000000000003,3,1,49.99,"OtterBox Symmetry Folio Case for iPad Air 11"" (2024) & iPad Air 10.9"" (2022/2020), Shockproof, Drop proof, Slim Protective Folio Case, Tested to Military Standard, Black",,4.3,99,1,10,108,N/A,91.66666666666666
Computers & Accessories,20,19.36,B0D3JD4FFD,2024-12-28,49.99,47.13,42.68,42.68,33.50015639662184,3,fbm,16968,3,78,0.2,2.1420000000000003,2,0,0.0,"OtterBox Symmetry Folio Case for iPad Air 11"" (2024) & iPad Air 10.9"" (2022/2020), Shockproof, Drop proof, Slim Protective Folio Case, Tested to Military Standard, Black",,4.3,99,1,10,108,N/A,91.66666666666666
Computers & Accessories,20,19.36,B0D3JD4FFD,2024-12-29,49.99,47.13,42.68,42.68,33.50015639662184,3,fbm,16968,3,78,0.2,2.1420000000000003,2,0,0.0,"OtterBox Symmetry Folio Case for iPad Air 11"" (2024) & iPad Air 10.9"" (2022/2020), Shockproof, Drop proof, Slim Protective Folio Case, Tested to Military Standard, Black",,4.3,99,1,10,108,N/A,91.66666666666666
Computers & Accessories,20,19.36,B0D3JD4FFD,2024-12-30,49.99,47.13,42.68,42.68,33.50015639662184,3,fbm,12777,3,78,0.2,2.1420000000000003,2,1,40.8,"OtterBox Symmetry Folio Case for iPad Air 11"" (2024) & iPad Air 10.9"" (2022/2020), Shockproof, Drop proof, Slim Protective Folio Case, Tested to Military Standard, Black",,4.3,99,1,10,108,N/A,91.66666666666666
Computers & Accessories,20,19.36,B0D3JD4FFD,2024-12-31,49.99,47.13,42.68,42.68,33.50015639662184,3,fbm,26976,3,78,0.2,2.1420000000000003,1,0,0.0,"OtterBox Symmetry Folio Case for iPad Air 11"" (2024) & iPad Air 10.9"" (2022/2020), Shockproof, Drop proof, Slim Protective Folio Case, Tested to Military Standard, Black",,4.3,99,1,10,108,N/A,91.66666666666666
Computers & Accessories,20,19.36,B0D3JD4FFD,2025-01-01,46.49,47.13,44.7,44.7,39.81857991867377,4,fbm,29837,3,78,0.2,2.546000000000001,1,0,0.0,"OtterBox Symmetry Folio Case for iPad Air 11"" (2024) & iPad Air 10.9"" (2022/2020), Shockproof, Drop proof, Slim Protective Folio Case, Tested to Military Standard, Black",,4.3,99,1,10,108,N/A,91.66666666666666
Computers & Accessories,20,19.36,B0D3JD4FFD,2025-01-02,46.49,47.13,,46.49,45.41757898029404,4,amazon,25681,3,78,0.2,2.904000000000001,1,0,0.0,"OtterBox Symmetry Folio Case for iPad Air 11"" (2024) & iPad Air 10.9"" (2022/2020), Shockproof, Drop proof, Slim Protective Folio Case, Tested to Military Standard, Black",,4.3,99,1,10,108,N/A,91.66666666666666
Computers & Accessories,20,19.36,B0D3JD4FFD,2025-01-03,46.49,42.44,46.58,42.44,32.749452611823585,3,fba,14589,3,78,0.2,2.094,1,0,0.0,"OtterBox Symmetry Folio Case for iPad Air 11"" (2024) & iPad Air 10.9"" (2022/2020), Shockproof, Drop proof, Slim Protective Folio Case, Tested to Military Standard, Black",,4.3,99,1,10,108,N/A,91.66666666666666
Computers & Accessories,20,19.36,B0D3JD4FFD,2025-01-04,43.49,42.44,44.35,42.44,32.749452611823585,3,fba,17523,3,78,0.2,2.094,1,0,0.0,"OtterBox Symmetry Folio Case for iPad Air 11"" (2024) & iPad Air 10.9"" (2022/2020), Shockproof, Drop proof, Slim Protective Folio Case, Tested to Military Standard, Black",,4.3,99,1,10,108,N/A,91.66666666666666
Computers & Accessories,20,19.36,B0D3JD4FFD,2025-01-05,43.49,41.43,44.35,41.43,29.590240850797628,3,fba,32820,2,82,0.2,1.8920000000000003,1,1,41.43,"OtterBox Symmetry Folio Case for iPad Air 11"" (2024) & iPad Air 10.9"" (2022/2020), Shockproof, Drop proof, Slim Protective Folio Case, Tested to Military Standard, Black",,4.3,99,1,10,108,N/A,91.66666666666666
Computers & Accessories,20,19.36,B0D3JD4FFD,2025-01-14,38.99,49.99,44.35,38.99,21.958085705348775,3,amazon,52498,2,83,0.2,1.4040000000000008,5,0,0.0,"OtterBox Symmetry Folio Case for iPad Air 11"" (2024) & iPad Air 10.9"" (2022/2020), Shockproof, Drop proof, Slim Protective Folio Case, Tested to Military Standard, Black",,4.3,99,1,10,108,N/A,91.66666666666666
Computers & Accessories,20,19.36,B0D3JD4FFD,2025-01-15,38.99,49.99,44.35,38.99,21.958085705348775,3,amazon,57349,2,83,0.2,1.4040000000000008,5,0,0.0,"OtterBox Symmetry Folio Case for iPad Air 11"" (2024) & iPad Air 10.9"" (2022/2020), Shockproof, Drop proof, Slim Protective Folio Case, Tested to Military Standard, Black",,4.3,99,1,10,108,N/A,91.66666666666666
Computers & Accessories,20,19.36,B0D3JD4FFD,2025-01-16,41.49,42.49,44.35,41.49,29.777916796997197,3,amazon,64214,2,86,0.2,1.9040000000000008,5,0,0.0,"OtterBox Symmetry Folio Case for iPad Air 11"" (2024) & iPad Air 10.9"" (2022/2020), Shockproof, Drop proof, Slim Protective Folio Case, Tested to Military Standard, Black",,4.3,99,1,10,108,N/A,91.66666666666666
Computers & Accessories,20,19.36,B0D3JD4FFD,2025-01-17,41.49,42.49,44.35,41.49,29.777916796997197,3,amazon,26342,2,86,0.2,1.9040000000000008,5,1,42.49,"OtterBox Symmetry Folio Case for iPad Air 11"" (2024) & iPad Air 10.9"" (2022/2020), Shockproof, Drop proof, Slim Protective Folio Case, Tested to Military Standard, Black",,4.3,99,1,10,108,N/A,91.66666666666666
Computers & Accessories,20,19.36,B0D3JD4FFD,2025-01-18,41.49,42.49,44.35,41.49,29.777916796997197,3,amazon,30024,2,86,0.2,1.9040000000000008,4,0,0.0,"OtterBox Symmetry Folio Case for iPad Air 11"" (2024) & iPad Air 10.9"" (2022/2020), Shockproof, Drop proof, Slim Protective Folio Case, Tested to Military Standard, Black",,4.3,99,1,10,108,N/A,91.66666666666666
Computers & Accessories,20,19.36,B0D3JD4FFD,2025-01-19,43.49,42.49,44.35,42.49,32.90584923365657,3,fba,30024,2,86,0.2,2.1040000000000005,4,0,0.0,"OtterBox Symmetry Folio Case for iPad Air 11"" (2024) & iPad Air 10.9"" (2022/2020), Shockproof, Drop proof, Slim Protective Folio Case, Tested to Military Standard, Black",,4.3,99,1,10,108,N/A,91.66666666666666
Computers & Accessories,20,19.36,B0D3JD4FFD,2025-01-20,43.49,42.49,35.66,35.66,11.54207069127306,2,fbm,48230,2,86,0.2,0.7379999999999995,4,0,0.0,"OtterBox Symmetry Folio Case for iPad Air 11"" (2024) & iPad Air 10.9"" (2022/2020), Shockproof, Drop proof, Slim Protective Folio Case, Tested to Military Standard, Black",,4.3,99,1,10,108,N/A,91.66666666666666
Computers & Accessories,20,19.36,B0D3JD4FFD,2025-01-21,43.49,42.49,35.66,35.66,11.54207069127306,2,fbm,55235,2,86,0.2,0.7379999999999995,4,0,0.0,"OtterBox Symmetry Folio Case for iPad Air 11"" (2024) & iPad Air 10.9"" (2022/2020), Shockproof, Drop proof, Slim Protective Folio Case, Tested to Military Standard, Black",,4.3,99,1,10,108,N/A,91.66666666666666
Computers & Accessories,20,19.36,B0D3JD4FFD,2025-01-22,43.49,42.49,35.66,35.66,11.54207069127306,2,fbm,62823,2,86,0.2,0.7379999999999995,4,0,0.0,"OtterBox Symmetry Folio Case for iPad Air 11"" (2024) & iPad Air 10.9"" (2022/2020), Shockproof, Drop proof, Slim Protective Folio Case, Tested to Military Standard, Black",,4.3,99,1,10,108,N/A,91.66666666666666
Computers & Accessories,20,19.36,B0D3JD4FFD,2025-01-23,45.39,42.49,35.66,35.66,11.54207069127306,2,fbm,62823,2,86,0.2,0.7379999999999995,4,0,0.0,"OtterBox Symmetry Folio Case for iPad Air 11"" (2024) & iPad Air 10.9"" (2022/2020), Shockproof, Drop proof, Slim Protective Folio Case, Tested to Military Standard, Black",,4.3,99,1,10,108,N/A,91.66666666666666
Computers & Accessories,20,19.36,B0D3JD4FFD,2025-01-24,45.39,49.99,35.66,35.66,11.54207069127306,2,fbm,51601,2,86,0.2,0.7379999999999995,4,0,0.0,"OtterBox Symmetry Folio Case for iPad Air 11"" (2024) & iPad Air 10.9"" (2022/2020), Shockproof, Drop proof, Slim Protective Folio Case, Tested to Military Standard, Black",,4.3,99,1,10,108,N/A,91.66666666666666
Computers & Accessories,20,19.36,B0D3JD4FFD,2025-01-25,43.14,49.99,35.66,35.66,11.54207069127306,2,fbm,51601,2,86,0.2,0.7379999999999995,4,0,0.0,"OtterBox Symmetry Folio Case for iPad Air 11"" (2024) & iPad Air 10.9"" (2022/2020), Shockproof, Drop proof, Slim Protective Folio Case, Tested to Military Standard, Black",,4.3,99,1,10,108,N/A,91.66666666666666
Computers & Accessories,20,19.36,B0D3JD4FFD,2025-01-26,43.14,49.99,35.66,35.66,11.54207069127306,2,fbm,66651,2,86,0.2,0.7379999999999995,4,0,0.0,"OtterBox Symmetry Folio Case for iPad Air 11"" (2024) & iPad Air 10.9"" (2022/2020), Shockproof, Drop proof, Slim Protective Folio Case, Tested to Military Standard, Black",,4.3,99,1,10,108,N/A,91.66666666666666
Computers & Accessories,20,19.36,B0D3JD4FFD,2025-01-27,43.14,49.99,35.66,35.66,11.54207069127306,2,fbm,71369,2,86,0.2,0.7379999999999995,4,0,0.0,"OtterBox Symmetry Folio Case for iPad Air 11"" (2024) & iPad Air 10.9"" (2022/2020), Shockproof, Drop proof, Slim Protective Folio Case, Tested to Military Standard, Black",,4.3,99,1,10,108,N/A,91.66666666666666
Computers & Accessories,20,19.36,B0D3JD4FFD,2025-01-28,43.14,49.99,35.66,35.66,11.54207069127306,2,fbm,76976,2,86,0.2,0.7379999999999995,4,0,0.0,"OtterBox Symmetry Folio Case for iPad Air 11"" (2024) & iPad Air 10.9"" (2022/2020), Shockproof, Drop proof, Slim Protective Folio Case, Tested to Military Standard, Black",,4.3,99,1,10,108,N/A,91.66666666666666
Computers & Accessories,20,19.36,B0D3JD4FFD,2025-01-29,43.14,49.99,35.66,35.66,11.54207069127306,2,fbm,81002,2,86,0.2,0.7379999999999995,4,0,0.0,"OtterBox Symmetry Folio Case for iPad Air 11"" (2024) & iPad Air 10.9"" (2022/2020), Shockproof, Drop proof, Slim Protective Folio Case, Tested to Military Standard, Black",,4.3,99,1,10,108,N/A,91.66666666666666
Computers & Accessories,20,19.36,B0D3JD4FFD,2025-01-30,38.44,49.99,35.66,35.66,11.54207069127306,2,fbm,83968,2,92,0.2,0.7379999999999995,4,0,0.0,"OtterBox Symmetry Folio Case for iPad Air 11"" (2024) & iPad Air 10.9"" (2022/2020), Shockproof, Drop proof, Slim Protective Folio Case, Tested to Military Standard, Black",,4.3,99,1,10,108,N/A,91.66666666666666
Computers & Accessories,20,19.36,B0D3JD4FFD,2025-01-31,38.44,49.99,35.66,35.66,11.54207069127306,2,fbm,83968,2,92,0.2,0.7379999999999995,4,0,0.0,"OtterBox Symmetry Folio Case for iPad Air 11"" (2024) & iPad Air 10.9"" (2022/2020), Shockproof, Drop proof, Slim Protective Folio Case, Tested to Military Standard, Black",,4.3,99,1,10,108,N/A,91.66666666666666
Computers & Accessories,20,19.36,B0D3JD4FFD,2025-02-01,38.44,49.99,35.66,35.66,11.54207069127306,2,fbm,83968,2,92,0.2,0.7379999999999995,4,0,0.0,"OtterBox Symmetry Folio Case for iPad Air 11"" (2024) & iPad Air 10.9"" (2022/2020), Shockproof, Drop proof, Slim Protective Folio Case, Tested to Military Standard, Black",,4.3,99,1,10,108,N/A,91.66666666666666
Computers & Accessories,20,19.36,B0D3JD4FFD,2025-02-02,35.83,49.99,51.2,35.83,12.07381920550516,2,amazon,83968,2,92,0.2,0.7719999999999999,4,0,0.0,"OtterBox Symmetry Folio Case for iPad Air 11"" (2024) & iPad Air 10.9"" (2022/2020), Shockproof, Drop proof, Slim Protective Folio Case, Tested to Military Standard, Black",,4.3,99,1,10,108,N/A,91.66666666666666
Computers & Accessories,20,19.36,B0D3JD4FFD,2025-02-03,35.83,49.99,51.2,35.83,12.07381920550516,2,amazon,46711,2,92,0.2,0.7719999999999999,4,0,0.0,"OtterBox Symmetry Folio Case for iPad Air 11"" (2024) & iPad Air 10.9"" (2022/2020), Shockproof, Drop proof, Slim Protective Folio Case, Tested to Military Standard, Black",,4.3,99,1,10,108,N/A,91.66666666666666
Computers & Accessories,20,19.36,B0D3JD4FFD,2025-02-04,35.83,49.99,51.2,35.83,12.07381920550516,2,amazon,29073,2,92,0.2,0.7719999999999999,4,0,0.0,"OtterBox Symmetry Folio Case for iPad Air 11"" (2024) & iPad Air 10.9"" (2022/2020), Shockproof, Drop proof, Slim Protective Folio Case, Tested to Military Standard, Black",,4.3,99,1,10,108,N/A,91.66666666666666
Computers & Accessories,20,19.36,B0D3JD4FFD,2025-02-05,35.83,49.99,51.2,35.83,12.07381920550516,2,amazon,46363,2,92,0.2,0.7719999999999999,4,0,0.0,"OtterBox Symmetry Folio Case for iPad Air 11"" (2024) & iPad Air 10.9"" (2022/2020), Shockproof, Drop proof, Slim Protective Folio Case, Tested to Military Standard, Black",,4.3,99,1,10,108,N/A,91.66666666666666
Computers & Accessories,20,19.36,B0D3JD4FFD,2025-02-06,35.83,49.99,51.2,35.83,12.07381920550516,2,amazon,60222,2,93,0.2,0.7719999999999999,4,0,0.0,"OtterBox Symmetry Folio Case for iPad Air 11"" (2024) & iPad Air 10.9"" (2022/2020), Shockproof, Drop proof, Slim Protective Folio Case, Tested to Military Standard, Black",,4.3,99,1,10,108,N/A,91.66666666666666
Computers & Accessories,20,19.36,B0D3JD4FFD,2025-02-07,35.83,49.99,51.2,35.83,12.07381920550516,2,amazon,63314,2,93,0.2,0.7719999999999999,4,0,0.0,"OtterBox Symmetry Folio Case for iPad Air 11"" (2024) & iPad Air 10.9"" (2022/2020), Shockproof, Drop proof, Slim Protective Folio Case, Tested to Military Standard, Black",,4.3,99,1,10,108,N/A,91.66666666666666
Computers & Accessories,20,19.36,B0D3JD4FFD,2025-02-08,35.83,49.99,51.2,35.83,12.07381920550516,2,amazon,63314,2,93,0.2,0.7719999999999999,4,0,0.0,"OtterBox Symmetry Folio Case for iPad Air 11"" (2024) & iPad Air 10.9"" (2022/2020), Shockproof, Drop proof, Slim Protective Folio Case, Tested to Military Standard, Black",,4.3,99,1,10,108,N/A,91.66666666666666
Computers & Accessories,20,19.36,B0D3JD4FFD,2025-02-09,35.83,49.99,51.2,35.83,12.07381920550516,2,amazon,53217,3,93,0.2,0.7719999999999999,4,0,0.0,"OtterBox Symmetry Folio Case for iPad Air 11"" (2024) & iPad Air 10.9"" (2022/2020), Shockproof, Drop proof, Slim Protective Folio Case, Tested to Military Standard, Black",,4.3,99,1,10,108,N/A,91.66666666666666
Computers & Accessories,20,19.36,B0D3JD4FFD,2025-02-10,34.47,49.99,51.2,34.47,7.81983109164842,1,amazon,13626,4,93,0.2,0.5,4,0,0.0,"OtterBox Symmetry Folio Case for iPad Air 11"" (2024) & iPad Air 10.9"" (2022/2020), Shockproof, Drop proof, Slim Protective Folio Case, Tested to Military Standard, Black",,4.3,99,1,10,108,N/A,91.66666666666666
Computers & Accessories,20,19.36,B0D3JD4FFD,2025-02-11,34.47,49.99,51.2,34.47,7.81983109164842,1,amazon,30520,3,93,0.2,0.5,4,0,0.0,"OtterBox Symmetry Folio Case for iPad Air 11"" (2024) & iPad Air 10.9"" (2022/2020), Shockproof, Drop proof, Slim Protective Folio Case, Tested to Military Standard, Black",,4.3,99,1,10,108,N/A,91.66666666666666
Computers & Accessories,20,19.36,B0D3JD4FFD,2025-02-12,34.47,49.99,51.2,34.47,7.81983109164842,1,amazon,30520,3,93,0.2,0.5,4,0,0.0,"OtterBox Symmetry Folio Case for iPad Air 11"" (2024) & iPad Air 10.9"" (2022/2020), Shockproof, Drop proof, Slim Protective Folio Case, Tested to Military Standard, Black",,4.3,99,1,10,108,N/A,91.66666666666666
Computers & Accessories,20,19.36,B0D3JD4FFD,2025-02-13,34.47,49.99,51.2,34.47,7.81983109164842,1,amazon,50750,3,93,0.2,0.5,4,0,0.0,"OtterBox Symmetry Folio Case for iPad Air 11"" (2024) & iPad Air 10.9"" (2022/2020), Shockproof, Drop proof, Slim Protective Folio Case, Tested to Military Standard, Black",,4.3,99,1,10,108,N/A,91.66666666666666
Computers & Accessories,20,19.36,B0D3JD4FFD,2025-02-14,34.47,49.99,51.2,34.47,7.81983109164842,1,amazon,61234,3,93,0.2,0.5,4,0,0.0,"OtterBox Symmetry Folio Case for iPad Air 11"" (2024) & iPad Air 10.9"" (2022/2020), Shockproof, Drop proof, Slim Protective Folio Case, Tested to Military Standard, Black",,4.3,99,1,10,108,N/A,91.66666666666666
Computers & Accessories,20,19.36,B0D3JD4FFD,2025-02-15,34.47,49.99,51.2,34.47,7.81983109164842,1,amazon,66349,3,93,0.2,0.5,4,0,0.0,"OtterBox Symmetry Folio Case for iPad Air 11"" (2024) & iPad Air 10.9"" (2022/2020), Shockproof, Drop proof, Slim Protective Folio Case, Tested to Military Standard, Black",,4.3,99,1,10,108,N/A,91.66666666666666
Computers & Accessories,20,19.36,B0D3JD4FFD,2025-02-16,34.57,49.99,36.97,34.57,8.132624335314361,1,amazon,47121,3,93,0.2,0.5200000000000004,4,0,0.0,"OtterBox Symmetry Folio Case for iPad Air 11"" (2024) & iPad Air 10.9"" (2022/2020), Shockproof, Drop proof, Slim Protective Folio Case, Tested to Military Standard, Black",,4.3,99,1,10,108,N/A,91.66666666666666
Computers & Accessories,20,19.36,B0D3JD4FFD,2025-02-17,34.57,49.99,36.97,34.57,8.132624335314361,1,amazon,47121,3,93,0.2,0.5200000000000004,4,0,0.0,"OtterBox Symmetry Folio Case for iPad Air 11"" (2024) & iPad Air 10.9"" (2022/2020), Shockproof, Drop proof, Slim Protective Folio Case, Tested to Military Standard, Black",,4.3,99,1,10,108,N/A,91.66666666666666
Computers & Accessories,20,19.36,B0D3JD4FFD,2025-02-18,34.57,49.99,36.97,34.57,8.132624335314361,1,amazon,47121,3,93,0.2,0.5200000000000004,4,0,0.0,"OtterBox Symmetry Folio Case for iPad Air 11"" (2024) & iPad Air 10.9"" (2022/2020), Shockproof, Drop proof, Slim Protective Folio Case, Tested to Military Standard, Black",,4.3,99,1,10,108,N/A,91.66666666666666
Computers & Accessories,20,19.36,B0D3JD4FFD,2025-02-19,34.57,49.99,36.97,34.57,8.132624335314361,1,amazon,47121,3,93,0.2,0.5200000000000004,4,0,0.0,"OtterBox Symmetry Folio Case for iPad Air 11"" (2024) & iPad Air 10.9"" (2022/2020), Shockproof, Drop proof, Slim Protective Folio Case, Tested to Military Standard, Black",,4.3,99,1,10,108,N/A,91.66666666666666
Computers & Accessories,20,19.36,B0D3JD4FFD,2025-02-20,49.99,49.99,36.97,36.97,15.63966218329684,2,fbm,47121,3,93,0.2,1.0,4,0,0.0,"OtterBox Symmetry Folio Case for iPad Air 11"" (2024) & iPad Air 10.9"" (2022/2020), Shockproof, Drop proof, Slim Protective Folio Case, Tested to Military Standard, Black",,4.3,99,1,10,108,N/A,91.66666666666666
Computers & Accessories,20,19.36,B0D3JD4FFD,2025-02-21,49.99,49.99,36.97,36.97,15.63966218329684,2,fbm,66510,3,98,0.2,1.0,4,0,0.0,"OtterBox Symmetry Folio Case for iPad Air 11"" (2024) & iPad Air 10.9"" (2022/2020), Shockproof, Drop proof, Slim Protective Folio Case, Tested to Military Standard, Black",,4.3,99,1,10,108,N/A,91.66666666666666
Computers & Accessories,20,19.36,B0D3JD4FFD,2025-02-22,49.99,49.99,36.97,36.97,15.63966218329684,2,fbm,66510,3,98,0.2,1.0,4,0,0.0,"OtterBox Symmetry Folio Case for iPad Air 11"" (2024) & iPad Air 10.9"" (2022/2020), Shockproof, Drop proof, Slim Protective Folio Case, Tested to Military Standard, Black",,4.3,99,1,10,108,N/A,91.66666666666666
Computers & Accessories,20,19.36,B0D3JD4FFD,2025-02-23,49.99,49.99,36.97,36.97,15.63966218329684,2,fbm,66510,3,98,0.2,1.0,4,0,0.0,"OtterBox Symmetry Folio Case for iPad Air 11"" (2024) & iPad Air 10.9"" (2022/2020), Shockproof, Drop proof, Slim Protective Folio Case, Tested to Military Standard, Black",,4.3,99,1,10,108,N/A,91.66666666666666
Computers & Accessories,20,19.36,B0D3JD4FFD,2025-02-24,49.99,49.99,36.97,36.97,15.63966218329684,2,fbm,45466,4,98,0.2,1.0,4,0,0.0,"OtterBox Symmetry Folio Case for iPad Air 11"" (2024) & iPad Air 10.9"" (2022/2020), Shockproof, Drop proof, Slim Protective Folio Case, Tested to Military Standard, Black",,4.3,99,1,10,108,N/A,91.66666666666666
Computers & Accessories,20,19.36,B0D3JD4FFD,2025-02-25,49.99,49.99,36.97,36.97,15.63966218329684,2,fbm,57492,4,100,0.2,1.0,4,0,0.0,"OtterBox Symmetry Folio Case for iPad Air 11"" (2024) & iPad Air 10.9"" (2022/2020), Shockproof, Drop proof, Slim Protective Folio Case, Tested to Military Standard, Black",,4.3,99,1,10,108,N/A,91.66666666666666
Computers & Accessories,20,19.36,B0D3JD4FFD,2025-02-26,49.99,49.99,36.97,36.97,15.63966218329684,2,fbm,58036,4,100,0.2,1.0,4,0,0.0,"OtterBox Symmetry Folio Case for iPad Air 11"" (2024) & iPad Air 10.9"" (2022/2020), Shockproof, Drop proof, Slim Protective Folio Case, Tested to Military Standard, Black",,4.3,99,1,10,108,N/A,91.66666666666666
Computers & Accessories,20,19.36,B0D3JD4FFD,2025-02-27,49.99,49.99,36.97,36.97,15.63966218329684,2,fbm,76338,3,100,0.2,1.0,4,0,0.0,"OtterBox Symmetry Folio Case for iPad Air 11"" (2024) & iPad Air 10.9"" (2022/2020), Shockproof, Drop proof, Slim Protective Folio Case, Tested to Military Standard, Black",,4.3,99,1,10,108,N/A,91.66666666666666
Computers & Accessories,20,19.36,B0D3JD4FFD,2025-02-28,49.99,50.14,38.51,38.51,20.456678135752266,3,fbm,82697,3,100,0.2,1.3079999999999998,4,0,0.0,"OtterBox Symmetry Folio Case for iPad Air 11"" (2024) & iPad Air 10.9"" (2022/2020), Shockproof, Drop proof, Slim Protective Folio Case, Tested to Military Standard, Black",,4.3,99,1,10,108,N/A,91.66666666666666
Computers & Accessories,20,19.36,B0D3JD4FFD,2025-03-01,38.15,50.14,38.51,38.15,19.330622458554895,2,amazon,82918,3,100,0.2,1.236,4,0,0.0,"OtterBox Symmetry Folio Case for iPad Air 11"" (2024) & iPad Air 10.9"" (2022/2020), Shockproof, Drop proof, Slim Protective Folio Case, Tested to Military Standard, Black",,4.3,99,1,10,108,N/A,91.66666666666666
Computers & Accessories,20,19.36,B0D3JD4FFD,2025-03-02,38.03,50.14,38.51,38.03,18.95527056615578,2,amazon,82918,3,100,0.2,1.2120000000000006,4,0,0.0,"OtterBox Symmetry Folio Case for iPad Air 11"" (2024) & iPad Air 10.9"" (2022/2020), Shockproof, Drop proof, Slim Protective Folio Case, Tested to Military Standard, Black",,4.3,99,1,10,108,N/A,91.66666666666666
Computers & Accessories,20,19.36,B0D3JD4FFD,2025-03-03,38.03,50.14,38.51,38.03,18.95527056615578,2,amazon,82918,3,100,0.2,1.2120000000000006,4,0,0.0,"OtterBox Symmetry Folio Case for iPad Air 11"" (2024) & iPad Air 10.9"" (2022/2020), Shockproof, Drop proof, Slim Protective Folio Case, Tested to Military Standard, Black",,4.3,99,1,10,108,N/A,91.66666666666666
Computers & Accessories,20,19.36,B0D3JD4FFD,2025-03-04,37.61,49.99,38.51,37.61,17.64153894275884,2,amazon,92995,4,100,0.2,1.1280000000000001,4,0,0.0,"OtterBox Symmetry Folio Case for iPad Air 11"" (2024) & iPad Air 10.9"" (2022/2020), Shockproof, Drop proof, Slim Protective Folio Case, Tested to Military Standard, Black",,4.3,99,1,10,108,N/A,91.66666666666666
Computers & Accessories,20,19.36,B0D3JD4FFD,2025-03-05,37.52,49.99,38.51,37.52,17.360025023459507,2,amazon,92995,4,100,0.2,1.110000000000001,4,0,0.0,"OtterBox Symmetry Folio Case for iPad Air 11"" (2024) & iPad Air 10.9"" (2022/2020), Shockproof, Drop proof, Slim Protective Folio Case, Tested to Military Standard, Black",,4.3,99,1,10,108,N/A,91.66666666666666
Computers & Accessories,20,19.36,B0D3JD4FFD,2025-03-06,37.46,49.99,38.51,37.46,17.172349077259938,2,amazon,92995,4,100,0.2,1.0980000000000005,4,0,0.0,"OtterBox Symmetry Folio Case for iPad Air 11"" (2024) & iPad Air 10.9"" (2022/2020), Shockproof, Drop proof, Slim Protective Folio Case, Tested to Military Standard, Black",,4.3,99,1,10,108,N/A,91.66666666666666
Computers & Accessories,20,19.36,B0D3JD4FFD,2025-03-07,37.19,49.99,38.51,37.19,16.3278073193619,2,amazon,69592,4,100,0.2,1.0439999999999998,4,0,0.0,"OtterBox Symmetry Folio Case for iPad Air 11"" (2024) & iPad Air 10.9"" (2022/2020), Shockproof, Drop proof, Slim Protective Folio Case, Tested to Military Standard, Black",,4.3,99,1,10,108,N/A,91.66666666666666
Computers & Accessories,20,19.36,B0D3JD4FFD,2025-03-08,36.98,41.4,38.51,36.98,15.67094150766343,2,amazon,79623,4,101,0.2,1.0019999999999996,4,0,0.0,"OtterBox Symmetry Folio Case for iPad Air 11"" (2024) & iPad Air 10.9"" (2022/2020), Shockproof, Drop proof, Slim Protective Folio Case, Tested to Military Standard, Black",,4.3,99,1,10,108,N/A,91.66666666666666
Computers & Accessories,20,19.36,B0D3JD4FFD,2025-03-09,38.72,40.88,38.51,38.51,20.456678135752266,3,fbm,30044,5,101,0.2,1.3079999999999998,4,0,0.0,"OtterBox Symmetry Folio Case for iPad Air 11"" (2024) & iPad Air 10.9"" (2022/2020), Shockproof, Drop proof, Slim Protective Folio Case, Tested to Military Standard, Black",,4.3,99,1,10,108,N/A,91.66666666666666
Computers & Accessories,20,19.36,B0D3JD4FFD,2025-03-10,38.57,41.93,38.51,38.51,20.456678135752266,3,fbm,17287,5,101,0.2,1.3079999999999998,4,0,0.0,"OtterBox Symmetry Folio Case for iPad Air 11"" (2024) & iPad Air 10.9"" (2022/2020), Shockproof, Drop proof, Slim Protective Folio Case, Tested to Military Standard, Black",,4.3,99,1,10,108,N/A,91.66666666666666
Computers & Accessories,20,19.36,B0D3JD4FFD,2025-03-11,38.03,41.93,51.2,38.03,18.95527056615578,2,amazon,17287,5,101,0.2,1.2120000000000006,4,0,0.0,"OtterBox Symmetry Folio Case for iPad Air 11"" (2024) & iPad Air 10.9"" (2022/2020), Shockproof, Drop proof, Slim Protective Folio Case, Tested to Military Standard, Black",,4.3,99,1,10,108,N/A,91.66666666666666
Computers & Accessories,20,19.36,B0D3JD4FFD,2025-03-12,37.73,41.4,51.2,37.73,18.016890835157955,2,amazon,51263,5,102,0.2,1.1519999999999997,4,1,41.4,"OtterBox Symmetry Folio Case for iPad Air 11"" (2024) & iPad Air 10.9"" (2022/2020), Shockproof, Drop proof, Slim Protective Folio Case, Tested to Military Standard, Black",,4.3,99,1,10,108,N/A,91.66666666666666
Computers & Accessories,20,19.36,B0D3JD4FFD,2025-03-13,37.61,41.4,51.2,37.61,17.64153894275884,2,amazon,51263,5,102,0.2,1.1280000000000001,3,1,42.19,"OtterBox Symmetry Folio Case for iPad Air 11"" (2024) & iPad Air 10.9"" (2022/2020), Shockproof, Drop proof, Slim Protective Folio Case, Tested to Military Standard, Black",,4.3,99,1,10,108,N/A,91.66666666666666
Computers & Accessories,20,19.36,B0D3JD4FFD,2025-03-14,37.22,41.4,51.2,37.22,16.421645292461683,2,amazon,51263,5,102,0.2,1.05,3,0,0.0,"OtterBox Symmetry Folio Case for iPad Air 11"" (2024) & iPad Air 10.9"" (2022/2020), Shockproof, Drop proof, Slim Protective Folio Case, Tested to Military Standard, Black",,4.3,99,1,10,108,N/A,91.66666666666666
Computers & Accessories,20,19.36,B0D3JD4FFD,2025-03-15,37.01,41.4,51.2,37.01,15.764779480763213,2,amazon,44986,4,102,0.2,1.0079999999999998,3,0,0.0,"OtterBox Symmetry Folio Case for iPad Air 11"" (2024) & iPad Air 10.9"" (2022/2020), Shockproof, Drop proof, Slim Protective Folio Case, Tested to Military Standard, Black",,4.3,99,1,10,108,N/A,91.66666666666666
Computers & Accessories,20,19.36,B0D3JD4FFD,2025-03-16,39.78,59.99,51.2,39.78,24.429152330309673,3,amazon,26122,3,103,0.2,1.5620000000000005,3,0,0.0,"OtterBox Symmetry Folio Case for iPad Air 11"" (2024) & iPad Air 10.9"" (2022/2020), Shockproof, Drop proof, Slim Protective Folio Case, Tested to Military Standard, Black",,4.3,99,1,10,108,N/A,91.66666666666666
Computers & Accessories,20,19.36,B0D3JD4FFD,2025-03-17,39.47,59.99,51.2,39.47,23.459493274945263,3,amazon,32999,3,103,0.2,1.5,3,0,0.0,"OtterBox Symmetry Folio Case for iPad Air 11"" (2024) & iPad Air 10.9"" (2022/2020), Shockproof, Drop proof, Slim Protective Folio Case, Tested to Military Standard, Black",,4.3,99,1,10,108,N/A,91.66666666666666
Computers & Accessories,20,19.36,B0D3JD4FFD,2025-03-18,38.74,59.99,51.2,38.74,21.17610259618393,3,amazon,32999,3,103,0.2,1.3540000000000008,3,0,0.0,"OtterBox Symmetry Folio Case for iPad Air 11"" (2024) & iPad Air 10.9"" (2022/2020), Shockproof, Drop proof, Slim Protective Folio Case, Tested to Military Standard, Black",,4.3,99,1,10,108,N/A,91.66666666666666
Computers & Accessories,20,19.36,B0D3JD4FFD,2025-03-19,38.59,39.99,39.69,38.59,20.70691273068503,3,amazon,35148,5,104,0.2,1.324000000000001,3,0,0.0,"OtterBox Symmetry Folio Case for iPad Air 11"" (2024) & iPad Air 10.9"" (2022/2020), Shockproof, Drop proof, Slim Protective Folio Case, Tested to Military Standard, Black",,4.3,99,1,10,108,N/A,91.66666666666666
Computers & Accessories,20,19.36,B0D3JD4FFD,2025-03-20,38.26,39.99,39.69,38.26,19.674695026587425,2,amazon,51695,4,104,0.2,1.258,3,0,0.0,"OtterBox Symmetry Folio Case for iPad Air 11"" (2024) & iPad Air 10.9"" (2022/2020), Shockproof, Drop proof, Slim Protective Folio Case, Tested to Military Standard, Black",,4.3,99,1,10,108,N/A,91.66666666666666
Computers & Accessories,20,19.36,B0D3JD4FFD,2025-03-21,38.11,39.99,39.69,38.11,19.205505161088524,2,amazon,51695,4,104,0.2,1.2280000000000002,3,0,0.0,"OtterBox Symmetry Folio Case for iPad Air 11"" (2024) & iPad Air 10.9"" (2022/2020), Shockproof, Drop proof, Slim Protective Folio Case, Tested to Military Standard, Black",,4.3,99,1,10,108,N/A,91.66666666666666
Computers & Accessories,20,19.36,B0D3JD4FFD,2025-03-22,37.93,39.99,39.69,37.93,18.642477322489835,2,amazon,21759,5,105,0.2,1.1920000000000002,3,0,0.0,"OtterBox Symmetry Folio Case for iPad Air 11"" (2024) & iPad Air 10.9"" (2022/2020), Shockproof, Drop proof, Slim Protective Folio Case, Tested to Military Standard, Black",,4.3,99,1,10,108,N/A,91.66666666666666
Computers & Accessories,20,19.36,B0D3JD4FFD,2025-03-23,37.63,39.99,39.69,37.63,17.704097591492037,2,amazon,21979,5,105,0.2,1.1320000000000008,3,0,0.0,"OtterBox Symmetry Folio Case for iPad Air 11"" (2024) & iPad Air 10.9"" (2022/2020), Shockproof, Drop proof, Slim Protective Folio Case, Tested to Military Standard, Black",,4.3,99,1,10,108,N/A,91.66666666666666
Computers & Accessories,20,19.36,B0D3JD4FFD,2025-03-24,37.18,39.99,39.69,37.18,16.296527994995312,2,amazon,21979,5,105,0.2,1.0420000000000003,3,0,0.0,"OtterBox Symmetry Folio Case for iPad Air 11"" (2024) & iPad Air 10.9"" (2022/2020), Shockproof, Drop proof, Slim Protective Folio Case, Tested to Military Standard, Black",,4.3,99,1,10,108,N/A,91.66666666666666
Computers & Accessories,20,19.36,B0D3JD4FFD,2025-03-25,37.18,41.41,39.69,37.18,16.296527994995312,2,amazon,60476,5,105,0.2,1.0420000000000003,3,0,0.0,"OtterBox Symmetry Folio Case for iPad Air 11"" (2024) & iPad Air 10.9"" (2022/2020), Shockproof, Drop proof, Slim Protective Folio Case, Tested to Military Standard, Black",,4.3,99,1,10,108,N/A,91.66666666666666
Computers & Accessories,20,19.36,B0D3JD4FFD,2025-03-25,37.18,49.99,39.69,37.18,16.296527994995312,2,amazon,60476,5,105,0.2,1.0420000000000003,3,0,0.0,"OtterBox Symmetry Folio Case for iPad Air 11"" (2024) & iPad Air 10.9"" (2022/2020), Shockproof, Drop proof, Slim Protective Folio Case, Tested to Military Standard, Black",,4.3,99,1,10,108,N/A,91.66666666666666
Computers & Accessories,20,19.36,B0D3JD4FFD,2025-03-26,49.99,49.99,51.2,49.99,56.36534250860182,4,amazon,69246,5,105,0.2,3.604000000000001,3,0,0.0,"OtterBox Symmetry Folio Case for iPad Air 11"" (2024) & iPad Air 10.9"" (2022/2020), Shockproof, Drop proof, Slim Protective Folio Case, Tested to Military Standard, Black",,4.3,99,1,10,108,N/A,91.66666666666666
Computers & Accessories,20,19.36,B0D3JD4FFD,2025-03-27,46.49,49.99,51.2,46.49,45.41757898029404,4,amazon,76669,3,105,0.2,2.904000000000001,3,0,0.0,"OtterBox Symmetry Folio Case for iPad Air 11"" (2024) & iPad Air 10.9"" (2022/2020), Shockproof, Drop proof, Slim Protective Folio Case, Tested to Military Standard, Black",,4.3,99,1,10,108,N/A,91.66666666666666
Computers & Accessories,20,19.36,B0D3JD4FFD,2025-03-28,46.49,49.99,51.2,46.49,45.41757898029404,4,amazon,24469,3,105,0.2,2.904000000000001,3,0,0.0,"OtterBox Symmetry Folio Case for iPad Air 11"" (2024) & iPad Air 10.9"" (2022/2020), Shockproof, Drop proof, Slim Protective Folio Case, Tested to Military Standard, Black",,4.3,99,1,10,108,N/A,91.66666666666666
Computers & Accessories,20,19.36,B0D3JD4FFD,2025-03-29,40.84,49.99,41.18,40.84,27.74476071316861,3,amazon,49890,4,105,0.2,1.774000000000001,3,0,0.0,"OtterBox Symmetry Folio Case for iPad Air 11"" (2024) & iPad Air 10.9"" (2022/2020), Shockproof, Drop proof, Slim Protective Folio Case, Tested to Military Standard, Black",,4.3,99,1,10,108,N/A,91.66666666666666
Computers & Accessories,20,19.36,B0D3JD4FFD,2025-03-31,39.78,49.99,39.69,39.69,24.14763841101032,3,fbm,43378,3,105,0.2,1.5439999999999998,3,0,0.0,"OtterBox Symmetry Folio Case for iPad Air 11"" (2024) & iPad Air 10.9"" (2022/2020), Shockproof, Drop proof, Slim Protective Folio Case, Tested to Military Standard, Black",,4.3,99,1,10,108,N/A,91.66666666666666
Computers & Accessories,20,19.36,B0D3JD4FFD,2025-04-01,40.05,49.99,39.69,39.69,24.14763841101032,3,fbm,43378,3,105,0.2,1.5439999999999998,3,0,0.0,"OtterBox Symmetry Folio Case for iPad Air 11"" (2024) & iPad Air 10.9"" (2022/2020), Shockproof, Drop proof, Slim Protective Folio Case, Tested to Military Standard, Black",,4.3,99,1,10,108,N/A,91.66666666666666
Computers & Accessories,20,19.36,B0D3JD4FFD,2025-04-02,46.49,49.99,39.69,39.69,24.14763841101032,3,fbm,65130,4,107,0.2,1.5439999999999998,3,1,49.99,"OtterBox Symmetry Folio Case for iPad Air 11"" (2024) & iPad Air 10.9"" (2022/2020), Shockproof, Drop proof, Slim Protective Folio Case, Tested to Military Standard, Black",,4.3,99,1,10,108,N/A,91.66666666666666
Computers & Accessories,20,19.36,B0D3JD4FFD,2025-04-03,41.65,49.99,39.69,39.69,24.14763841101032,3,fbm,38840,3,107,0.2,1.5439999999999998,2,0,0.0,"OtterBox Symmetry Folio Case for iPad Air 11"" (2024) & iPad Air 10.9"" (2022/2020), Shockproof, Drop proof, Slim Protective Folio Case, Tested to Military Standard, Black",,4.3,99,1,10,108,N/A,91.66666666666666
Computers & Accessories,20,19.36,B0D3JD4FFD,2025-04-04,46.49,49.99,39.69,39.69,24.14763841101032,3,fbm,55071,3,107,0.2,1.5439999999999998,2,0,0.0,"OtterBox Symmetry Folio Case for iPad Air 11"" (2024) & iPad Air 10.9"" (2022/2020), Shockproof, Drop proof, Slim Protective Folio Case, Tested to Military Standard, Black",,4.3,99,1,10,108,N/A,91.66666666666666
Computers & Accessories,20,19.36,B0D3JD4FFD,2025-04-05,49.99,49.99,39.69,39.69,24.14763841101032,3,fbm,59029,3,107,0.2,1.5439999999999998,2,0,0.0,"OtterBox Symmetry Folio Case for iPad Air 11"" (2024) & iPad Air 10.9"" (2022/2020), Shockproof, Drop proof, Slim Protective Folio Case, Tested to Military Standard, Black",,4.3,99,1,10,108,N/A,91.66666666666666
Computers & Accessories,20,19.36,B0D3JD4FFD,2025-04-06,43.55,49.99,39.69,39.69,24.14763841101032,3,fbm,59029,3,107,0.2,1.5439999999999998,2,0,0.0,"OtterBox Symmetry Folio Case for iPad Air 11"" (2024) & iPad Air 10.9"" (2022/2020), Shockproof, Drop proof, Slim Protective Folio Case, Tested to Military Standard, Black",,4.3,99,1,10,108,N/A,91.66666666666666
Computers & Accessories,20,19.36,B0D3JD4FFD,2025-04-07,49.99,49.99,51.2,49.99,56.36534250860182,4,amazon,59029,3,107,0.2,3.604000000000001,2,0,0.0,"OtterBox Symmetry Folio Case for iPad Air 11"" (2024) & iPad Air 10.9"" (2022/2020), Shockproof, Drop proof, Slim Protective Folio Case, Tested to Military Standard, Black",,4.3,99,1,10,108,N/A,91.66666666666666
Computers & Accessories,20,19.36,B0D3JD4FFD,2025-04-08,42.88,49.99,51.2,42.88,34.12574288395372,3,amazon,53441,4,108,0.2,2.182000000000001,2,0,0.0,"OtterBox Symmetry Folio Case for iPad Air 11"" (2024) & iPad Air 10.9"" (2022/2020), Shockproof, Drop proof, Slim Protective Folio Case, Tested to Military Standard, Black",,4.3,99,1,10,108,N/A,91.66666666666666
